{
  "model": "CNN",
  "accuracy": 0.8566666666666667,
  "report": {
    "Negative": {
      "precision": 0.8291925465838509,
      "recall": 0.8959731543624161,
      "f1-score": 0.8612903225806452,
      "support": 298.0
    },
    "Positive": {
      "precision": 0.8884892086330936,
      "recall": 0.8178807947019867,
      "f1-score": 0.8517241379310345,
      "support": 302.0
    },
    "accuracy": 0.8566666666666667,
    "macro avg": {
      "precision": 0.8588408776084722,
      "recall": 0.8569269745322015,
      "f1-score": 0.8565072302558399,
      "support": 600.0
    },
    "weighted avg": {
      "precision": 0.8590385331486364,
      "recall": 0.8566666666666667,
      "f1-score": 0.8564753429736744,
      "support": 600.0
    }
  }
}