{
  "model": "CNN",
  "accuracy": 0.865,
  "report": {
    "Negative": {
      "precision": 0.8754325259515571,
      "recall": 0.8489932885906041,
      "f1-score": 0.8620102214650767,
      "support": 298.0
    },
    "Positive": {
      "precision": 0.8553054662379421,
      "recall": 0.8807947019867549,
      "f1-score": 0.867862969004894,
      "support": 302.0
    },
    "accuracy": 0.865,
    "macro avg": {
      "precision": 0.8653689960947496,
      "recall": 0.8648939952886795,
      "f1-score": 0.8649365952349853,
      "support": 600.0
    },
    "weighted avg": {
      "precision": 0.8653019058957041,
      "recall": 0.865,
      "f1-score": 0.8649561043934514,
      "support": 600.0
    }
  }
}