{
  "model": "Decision Tree",
  "accuracy": 0.8716666666666667,
  "report": {
    "Negative": {
      "precision": 0.8904593639575972,
      "recall": 0.8456375838926175,
      "f1-score": 0.8674698795180723,
      "support": 298.0
    },
    "Positive": {
      "precision": 0.8548895899053628,
      "recall": 0.8973509933774835,
      "f1-score": 0.875605815831987,
      "support": 302.0
    },
    "accuracy": 0.8716666666666667,
    "macro avg": {
      "precision": 0.87267447693148,
      "recall": 0.8714942886350505,
      "f1-score": 0.8715378476750297,
      "support": 600.0
    },
    "weighted avg": {
      "precision": 0.8725559110179726,
      "recall": 0.8716666666666667,
      "f1-score": 0.8715649674627427,
      "support": 600.0
    }
  }
}